{
 "prereg": "FM1e 0c6c2a56",
 "window_n": 47,
 "E2_win_reference": {
  "est": 0.2555765993265993,
  "ci95": [
   0.14457070707070707,
   0.3676373106060606
  ]
 },
 "E2_dbare": {
  "est": 0.3714225589225588,
  "ci95": [
   0.28745528198653203,
   0.4566498316498317
  ],
  "gap_variant": 0.43087121212121204,
  "n_dates": 47,
  "missing": []
 },
 "E2_dsnap": {
  "est": 0.38089225589225584,
  "ci95": [
   0.242003367003367,
   0.5175768097643098
  ],
  "gap_variant": 0.44034090909090906,
  "n_dates": 47,
  "missing": []
 },
 "decision": "DATE-TOKEN-ALONE"
}