{
  "model": "claude-sonnet-5",
  "E2_date_trigger": {
    "est": 0.3257575757575758,
    "ci95": [
      0.18686868686868685,
      0.45928030303030304
    ],
    "gap_D": 0.3607954545454546,
    "gap_M": 0.035037878787878785
  },
  "E3_transplant": {
    "est": 0.4498106060606061,
    "ci95": [
      0.26482796717171714,
      0.635424558080808
    ],
    "gap_fake": 0.31849747474747475,
    "gap_true": -0.13131313131313133
  },
  "P1_placebo_postcutoff": -0.007352941176470562,
  "REC": {
    "pre": {
      "n": 217,
      "year": 0.9539170506912442,
      "ym": 0.8341013824884793,
      "med_off": 0.0
    },
    "post": {
      "n": 16,
      "year": 0.6875,
      "ym": 0.375,
      "med_off": 1.0
    }
  },
  "LAP": {
    "pre_mean": 0.9995833333333334,
    "post_mean": 0.5555555555555556,
    "empirical_cutoff": "2025-10",
    "recall_hit_rate": 0.925,
    "recall_n": 240
  },
  "delta_dissociation": {
    "delta": null,
    "t": null,
    "n": 202
  },
  "VALID": {
    "sketch_rate": 1.0,
    "parse_err_cells": 0,
    "cells": 1032
  }
}