{
  "model": "llama3.2:3b",
  "E2_date_trigger": {
    "est": 0.25197368421052635,
    "ci95": [
      -0.04922002655228758,
      0.5067534484886458
    ],
    "gap_D": 0.10197368421052633,
    "gap_M": -0.15000000000000002
  },
  "E3_transplant": {
    "est": -0.5204545454545455,
    "ci95": [
      -0.7020982142857143,
      -0.299139014580191
    ],
    "gap_fake": -0.1875,
    "gap_true": 0.33295454545454545
  },
  "P1_placebo_postcutoff": -0.03267045454545453,
  "REC": {
    "pre": {
      "n": 240,
      "year": 0.04583333333333333,
      "ym": 0.004166666666666667,
      "med_off": 107.5
    },
    "post": {
      "n": 17,
      "year": 0.0,
      "ym": 0.0,
      "med_off": 25.0
    }
  },
  "LAP": {
    "pre_mean": 0.9212500000000001,
    "post_mean": 0.5444444444444445,
    "empirical_cutoff": "2026-06",
    "recall_hit_rate": 0.4797979797979798,
    "recall_n": 198
  },
  "delta_dissociation": {
    "delta": null,
    "t": null,
    "n": 16
  },
  "VALID": {
    "sketch_rate": 0.5192307692307693,
    "parse_err_cells": 121,
    "cells": 260
  }
}