{
  "model": "claude-haiku-4-5",
  "E2_date_trigger": {
    "est": 0.38273358585858586,
    "ci95": [
      0.30428898358585865,
      0.4655934343434343
    ],
    "gap_D": 0.3713699494949495,
    "gap_M": -0.011363636363636354
  },
  "E3_transplant": {
    "est": 0.4954229797979799,
    "ci95": [
      0.3420138888888889,
      0.6433199179292928
    ],
    "gap_fake": 0.3765782828282829,
    "gap_true": -0.11884469696969702
  },
  "P1_placebo_postcutoff": -0.007352941176470562,
  "REC": {
    "pre": {
      "n": 240,
      "year": 0.2,
      "ym": 0.020833333333333332,
      "med_off": 31.5
    },
    "post": {
      "n": 17,
      "year": 0.0,
      "ym": 0.0,
      "med_off": 20.0
    }
  },
  "LAP": {
    "pre_mean": 0.8383333333333333,
    "post_mean": 0.0,
    "empirical_cutoff": "2024-10",
    "recall_hit_rate": 0.6890756302521008,
    "recall_n": 238
  },
  "delta_dissociation": {
    "delta": 0.16224367155937192,
    "t": 1.3538377260699892,
    "n": 205
  },
  "VALID": {
    "sketch_rate": 1.0,
    "parse_err_cells": 0,
    "cells": 2064
  }
}