{
  "model": "qwen3.6-35b-a3b-fp8",
  "E2_date_trigger": {
    "est": 0.23705808080808083,
    "ci95": [
      0.11742424242424238,
      0.35495975378787886
    ],
    "gap_D": 0.20833333333333331,
    "gap_M": -0.028724747474747514
  },
  "E3_transplant": {
    "est": 0.3456439393939394,
    "ci95": [
      0.23689630681818177,
      0.4564393939393939
    ],
    "gap_fake": 0.2272727272727273,
    "gap_true": -0.1183712121212121
  },
  "P1_placebo_postcutoff": -0.02941176470588236,
  "REC": {
    "pre": {
      "n": 240,
      "year": 0.25833333333333336,
      "ym": 0.029166666666666667,
      "med_off": 18.0
    },
    "post": {
      "n": 17,
      "year": 0.0,
      "ym": 0.0,
      "med_off": 18.0
    }
  },
  "LAP": {
    "pre_mean": 0.9818749999999999,
    "post_mean": 0.0,
    "empirical_cutoff": "2024-12",
    "recall_hit_rate": 0.7754237288135594,
    "recall_n": 236
  },
  "delta_dissociation": {
    "delta": 0.5137088731618776,
    "t": 1.1905941861161098,
    "n": 207
  },
  "VALID": {
    "sketch_rate": 1.0,
    "parse_err_cells": 0,
    "cells": 2064
  }
}