{
  "model": "deepseek-v4-flash",
  "E2_date_trigger": {
    "est": 0.41571969696969696,
    "ci95": [
      0.2993963068181818,
      0.5353614267676767
    ],
    "gap_D": 0.38620580808080807,
    "gap_M": -0.029513888888888895
  },
  "E3_transplant": {
    "est": 0.30902777777777773,
    "ci95": [
      0.13951625631313133,
      0.4752209595959596
    ],
    "gap_fake": 0.319760101010101,
    "gap_true": 0.01073232323232326
  },
  "P1_placebo_postcutoff": 0.05514705882352944,
  "REC": {
    "pre": {
      "n": 240,
      "year": 0.95,
      "ym": 0.7166666666666667,
      "med_off": 0.0
    },
    "post": {
      "n": 17,
      "year": 0.6470588235294118,
      "ym": 0.11764705882352941,
      "med_off": 4.0
    }
  },
  "LAP": {
    "pre_mean": 0.8152083333333332,
    "post_mean": 0.10277777777777777,
    "empirical_cutoff": "2025-07",
    "recall_hit_rate": 0.8940677966101694,
    "recall_n": 236
  },
  "delta_dissociation": {
    "delta": 0.01909621726995625,
    "t": 0.13054037154717824,
    "n": 213
  },
  "VALID": {
    "sketch_rate": 1.0,
    "parse_err_cells": 2,
    "cells": 2064
  }
}