{
  "model": "qwen3-30b-a3b-fp8dyn",
  "E2_date_trigger": {
    "est": 0.06281565656565657,
    "ci95": [
      -0.09690656565656564,
      0.23579545454545453
    ],
    "gap_D": 0.08554292929292928,
    "gap_M": 0.022727272727272707
  },
  "E3_transplant": {
    "est": 0.01641414141414138,
    "ci95": [
      -0.14079071969696974,
      0.17518939393939392
    ],
    "gap_fake": 0.019255050505050497,
    "gap_true": 0.002840909090909116
  },
  "P1_placebo_postcutoff": 0.06617647058823534,
  "REC": {
    "pre": {
      "n": 240,
      "year": 0.175,
      "ym": 0.0125,
      "med_off": 22.0
    },
    "post": {
      "n": 17,
      "year": 0.0,
      "ym": 0.0,
      "med_off": 27.0
    }
  },
  "LAP": {
    "pre_mean": 0.8066666666666666,
    "post_mean": 0.0,
    "empirical_cutoff": "2024-04",
    "recall_hit_rate": 0.6741071428571429,
    "recall_n": 224
  },
  "delta_dissociation": {
    "delta": -0.13266885951382001,
    "t": -1.1070184217627594,
    "n": 163
  },
  "VALID": {
    "sketch_rate": 1.0,
    "parse_err_cells": 0,
    "cells": 1032
  }
}