{
  "model": "llama-3.1-70b-awq",
  "E2_date_trigger": {
    "est": -0.046559343434343425,
    "ci95": [
      -0.12042297979797978,
      0.030149147727272695
    ],
    "gap_D": -0.03693181818181818,
    "gap_M": 0.009627525252525249
  },
  "E3_transplant": {
    "est": 0.00836489898989895,
    "ci95": [
      -0.09706833964646468,
      0.10827414772727266
    ],
    "gap_fake": -0.008522727272727293,
    "gap_true": -0.016887626262626243
  },
  "P1_placebo_postcutoff": 0.003676470588235281,
  "REC": {
    "pre": {
      "n": 240,
      "year": 0.18333333333333332,
      "ym": 0.020833333333333332,
      "med_off": 59.5
    },
    "post": {
      "n": 17,
      "year": 0.0,
      "ym": 0.0,
      "med_off": 30.0
    }
  },
  "LAP": {
    "pre_mean": 0.8535416666666666,
    "post_mean": 0.0,
    "empirical_cutoff": "2023-12",
    "recall_hit_rate": 0.6756756756756757,
    "recall_n": 222
  },
  "delta_dissociation": {
    "delta": 0.0066451377552075724,
    "t": 0.13179786670984872,
    "n": 239
  },
  "VALID": {
    "sketch_rate": 1.0,
    "parse_err_cells": 0,
    "cells": 2064
  }
}