{
 "_doc": "Pooled M-arm crisis-calm bearish gap per quantization tier (BM-2a addendum decision-rule quantity, prereg BM2a_addendum_rep2.md 066bd8d1: masked-arm-leak claim asserted only if BF16 pooled M-gap CI excludes 0). Paired bootstrap B=10000 seed=2026, dates<=2024-12-15, same gap()/CRISIS/CALM definitions as analyze_bm2a. Verdict: BF16 CI excludes 0 by a hair -> claim asserted at the evidence boundary; reported as boundary evidence in paper 2.",
 "qwen3.6-27b-bf16": {
  "pooled_M_gap": 0.06565656565656569,
  "ci95": [
   0.0014204545454545303,
   0.12894570707070713
  ]
 },
 "qwen3.6-27b-fp8": {
  "pooled_M_gap": -0.035037878787878785,
  "ci95": [
   -0.08727904040404039,
   0.015944602272727225
  ]
 },
 "qwen3.6-27b-awq": {
  "pooled_M_gap": 0.05744949494949492,
  "ci95": [
   -0.03693181818181818,
   0.15340909090909094
  ]
 }
}