{
  "prereg": "BM2a_prereg_quant_sensitivity.md d672e12d",
  "frozen_reference": {
    "model": "qwen3.6-27b-fp8",
    "E2": {
      "est": 0.19270833333333337,
      "ci95": [
        0.10842408459595956,
        0.2845683396464646
      ]
    },
    "E3": {
      "est": 0.18134469696969696,
      "ci95": [
        0.11410984848484845,
        0.25110479797979796
      ]
    },
    "cutoff": "2024-11"
  },
  "tiers": {
    "qwen3.6-27b-bf16": {
      "metrics": {
        "E2": {
          "est": 0.05618686868686862,
          "ci95": [
            -0.02304292929292928,
            0.13384232954545458
          ]
        },
        "E3": {
          "est": 0.15425602859581727,
          "ci95": [
            0.06281171085858588,
            0.24330498457919233
          ]
        },
        "LAP_pre_mean": 0.9054166666666668,
        "LAP_hit_rate": 0.7142857142857143,
        "empirical_cutoff": "2024-11",
        "VALID": 0.9995752427184466,
        "cells": 2060,
        "parse_err_cells": 0
      },
      "verdict": {
        "E2_stable": false,
        "E3_stable": true,
        "cutoff_defined": true,
        "cutoff_stable": true,
        "STABLE": false
      }
    },
    "qwen3.6-27b-awq": {
      "metrics": {
        "E2": {
          "est": 0.17171717171717177,
          "ci95": [
            0.06597222222222221,
            0.27998737373737376
          ]
        },
        "E3": {
          "est": 0.22948232323232326,
          "ci95": [
            0.12215909090909088,
            0.332394255050505
          ]
        },
        "LAP_pre_mean": 0.9825,
        "LAP_hit_rate": 0.6844444444444444,
        "empirical_cutoff": "2024-12",
        "VALID": 1.0,
        "cells": 1032,
        "parse_err_cells": 1
      },
      "verdict": {
        "E2_stable": true,
        "E3_stable": true,
        "cutoff_defined": true,
        "cutoff_stable": true,
        "STABLE": true
      }
    }
  }
}