{
  "prereg": "BM2b_prereg_base_vs_instruct.md 51e03b53",
  "stage": 1,
  "condition": "qwen3-30b-a3b-fp8dyn",
  "metrics": {
    "E2": {
      "est": 0.06281565656565657,
      "ci95": [
        -0.09690656565656564,
        0.23579545454545453
      ]
    },
    "E3": {
      "est": 0.01641414141414138,
      "ci95": [
        -0.14079071969696974,
        0.17518939393939392
      ]
    },
    "VALID": 1.0,
    "cells": 1032,
    "parse_err_cells": 0
  },
  "verdict": "KILL",
  "rule": "GO iff E2 95% CI excludes 0 (and VALID >= 50%)"
}