{
  "model": "qwen3.6-27b-fp8",
  "E2_date_trigger": {
    "est": 0.19270833333333337,
    "ci95": [
      0.10842408459595956,
      0.2845683396464646
    ],
    "gap_D": 0.15767045454545459,
    "gap_M": -0.035037878787878785
  },
  "E3_transplant": {
    "est": 0.18134469696969696,
    "ci95": [
      0.11410984848484845,
      0.25110479797979796
    ],
    "gap_fake": 0.132260101010101,
    "gap_true": -0.04908459595959597
  },
  "P1_placebo_postcutoff": -0.05514705882352944,
  "REC": {
    "pre": {
      "n": 240,
      "year": 0.09166666666666666,
      "ym": 0.004166666666666667,
      "med_off": 38.0
    },
    "post": {
      "n": 17,
      "year": 0.0,
      "ym": 0.0,
      "med_off": 25.0
    }
  },
  "LAP": {
    "pre_mean": 0.9185416666666666,
    "post_mean": 0.0,
    "empirical_cutoff": "2024-11",
    "recall_hit_rate": 0.723404255319149,
    "recall_n": 235
  },
  "delta_dissociation": {
    "delta": 0.2705026174484366,
    "t": 1.2344747678689763,
    "n": 190
  },
  "VALID": {
    "sketch_rate": 0.9995760658914729,
    "parse_err_cells": 0,
    "cells": 2064
  }
}