{
 "convention": "paired date-level bootstrap B=10000 seed=2026, frozen FM-1 flash arms, gap = crisis-calm bearish share",
 "E2_full": {
  "est": 0.2555765993265993,
  "ci95": [
   0.14457070707070707,
   0.3676373106060606
  ],
  "crisis_n": 11
 },
 "E2_leave_one_episode_out": {
  "drop_GFC": {
   "est": 0.22754629629629636,
   "ci95": [
    0.15022569444444447,
    0.3037094907407407
   ],
   "crisis_n": 5
  },
  "drop_COVID": {
   "est": 0.26736111111111105,
   "ci95": [
    0.13657407407407407,
    0.40393518518518523
   ],
   "crisis_n": 9
  },
  "drop_inflation": {
   "est": 0.2598379629629629,
   "ci95": [
    0.1157407407407407,
    0.40740740740740744
   ],
   "crisis_n": 8
  }
 },
 "E2_per_episode": {
  "GFC": {
   "est": 0.2789351851851851,
   "ci95": [
    0.09143518518518517,
    0.46412037037037035
   ],
   "crisis_n": 6
  },
  "COVID": {
   "est": 0.20254629629629628,
   "ci95": [
    0.13657407407407407,
    0.2685185185185185
   ],
   "crisis_n": 2
  },
  "inflation": {
   "est": 0.24421296296296297,
   "ci95": [
    0.12728587962962962,
    0.3368344907407404
   ],
   "crisis_n": 3
  }
 },
 "M_crisis_calm_gap": {
  "est": 0.05944865319865322,
  "ci95": [
   0.012941919191919171,
   0.109743265993266
  ]
 },
 "M_unrate_slope_per_sd": {
  "est": -0.03259938877382644,
  "ci95": [
   -0.044180615634236316,
   -0.022398062954290986
  ],
  "n_dates": 240,
  "note": "bearish-share change per 1 SD of snapshot UNRATE, M arm only"
 },
 "per_date_share_dispersion": {
  "D": {
   "mean": 0.4085069444444444,
   "sd": 0.17656779190146732,
   "p10": 0.20416666666666677,
   "p90": 0.625,
   "n_dates": 240
  },
  "M": {
   "mean": 0.46145833333333336,
   "sd": 0.08617758970633022,
   "p10": 0.375,
   "p90": 0.5833333333333334,
   "n_dates": 240
  }
 },
 "hedging_note": "a max-entropy hedging regime predicts M collapses to a date-invariant p~0.5 (sd~0); a weak-but-live data channel predicts residual date-level variation"
}