{
  "coverage": {
    "R": 240,
    "D": 240,
    "M": 240,
    "W": 240
  },
  "gaps": {
    "R": 0.19633838383838387,
    "D": 0.2080176767676768,
    "M": 0.11142676767676762
  },
  "W_fake": 0.19696969696969702,
  "W_true": -0.04513888888888884,
  "E1": [
    -0.011679292929292928,
    [
      -0.13383838383838387,
      0.11490688131313134
    ]
  ],
  "E2": [
    0.09659090909090917,
    [
      -0.03756313131313127,
      0.21843434343434348
    ]
  ],
  "E3_diff": [
    0.24210858585858586,
    [
      0.1309974747474748,
      0.3547979797979799
    ]
  ]
}