{
  "prereg": "FM1_prereg.md 745b42e0...",
  "coverage_dates": {
    "R": 240,
    "D": 240,
    "M": 240,
    "W": 240
  },
  "gaps": {
    "R": 0.28135521885521886,
    "D": 0.31502525252525254,
    "M": 0.05944865319865322,
    "W_true": -0.057028619528619484,
    "W_fake": 0.25347222222222227,
    "V1_archived": 0.3178661616161616
  },
  "E1_leaky_context": {
    "est": -0.03367003367003368,
    "ci95": [
      -0.11605902777777785,
      0.049245054713804685
    ]
  },
  "E2_date_string": {
    "est": 0.2555765993265993,
    "ci95": [
      0.14309764309764306,
      0.37174610690235677
    ]
  },
  "E3_transplant": {
    "gap_fake": 0.25347222222222227,
    "gap_fake_ci95": [
      0.18949652777777773,
      0.31692182239057237
    ],
    "gap_true": -0.057028619528619484,
    "fake_minus_true": 0.31050084175084175,
    "diff_ci95": [
      0.19675662878787872,
      0.42961121632996635
    ]
  },
  "E4_salience_ols_hac6": {
    "const": {
      "coef": -0.05405640008480231,
      "t": -2.639657097702698,
      "p": 0.008298994956891173
    },
    "fwd_ret": {
      "coef": -0.08613379409312316,
      "t": -0.4476667385642951,
      "p": 0.6543937299100202
    },
    "drawdown": {
      "coef": -0.32991190942820214,
      "t": -1.0879129302208415,
      "p": 0.2766335473527912
    },
    "usrec": {
      "coef": 0.18732090553294273,
      "t": 3.764685756804557,
      "p": 0.00016675866321042793
    },
    "vix": {
      "coef": 0.013412527632406326,
      "t": 0.6977445076427463,
      "p": 0.4853369885150879
    }
  },
  "E5_accuracy": {
    "R": {
      "majority_acc": 0.6139534883720931,
      "n_majority": 215,
      "sketch_acc": 0.5219665271966527,
      "n_sketch": 5736
    },
    "D": {
      "majority_acc": 0.5605381165919282,
      "n_majority": 223,
      "sketch_acc": 0.5268479776847977,
      "n_sketch": 5736
    },
    "M": {
      "majority_acc": 0.5588235294117647,
      "n_majority": 204,
      "sketch_acc": 0.50697350069735,
      "n_sketch": 5736
    },
    "W": {
      "majority_acc": 0.5529953917050692,
      "n_majority": 217,
      "sketch_acc": 0.5156903765690377,
      "n_sketch": 5736
    }
  },
  "E5_accuracy_windows": {
    "R": {
      "crisis": {
        "majority_acc": 0.7777777777777778,
        "n_majority": 9,
        "sketch_acc": 0.5492424242424242,
        "n_sketch": 264
      },
      "calm": {
        "majority_acc": 0.7428571428571429,
        "n_majority": 35,
        "sketch_acc": 0.5601851851851852,
        "n_sketch": 864
      }
    },
    "M": {
      "crisis": {
        "majority_acc": 0.6363636363636364,
        "n_majority": 11,
        "sketch_acc": 0.5303030303030303,
        "n_sketch": 264
      },
      "calm": {
        "majority_acc": 0.7272727272727273,
        "n_majority": 33,
        "sketch_acc": 0.5243055555555556,
        "n_sketch": 864
      }
    }
  },
  "bootstrap": {
    "B": 10000,
    "seed": 2026
  }
}