{
  "model": "gpt-5.5",
  "E2_date_trigger": {
    "est": 0.21496212121212127,
    "ci95": [
      0.09785353535353541,
      0.3276515151515152
    ],
    "gap_D": 0.2585227272727273,
    "gap_M": 0.04356060606060602
  },
  "E3_transplant": {
    "est": 0.16066919191919193,
    "ci95": [
      0.09279513888888877,
      0.22885101010101006
    ],
    "gap_fake": 0.13920454545454541,
    "gap_true": -0.02146464646464652
  },
  "P1_placebo_postcutoff": -0.05147058823529416,
  "REC": {
    "pre": {
      "n": 240,
      "year": 0.9958333333333333,
      "ym": 0.9833333333333333,
      "med_off": 0.0
    },
    "post": {
      "n": 17,
      "year": 0.9411764705882353,
      "ym": 0.7647058823529411,
      "med_off": 0.0
    }
  },
  "LAP": {
    "pre_mean": 0.9989583333333333,
    "post_mean": 0.1611111111111111,
    "empirical_cutoff": "2025-06",
    "recall_hit_rate": 0.9958333333333333,
    "recall_n": 240
  },
  "delta_dissociation": {
    "delta": 0.0653936419884787,
    "t": 2.963982878588988,
    "n": 152
  },
  "VALID": {
    "sketch_rate": 1.0,
    "parse_err_cells": 0,
    "cells": 1032
  }
}