{
  "model": "llama-3.1-8b",
  "E2_date_trigger": {
    "est": 0.056344696969696906,
    "ci95": [
      -0.09659090909090906,
      0.20280934343434343
    ],
    "gap_D": 0.035353535353535304,
    "gap_M": -0.020991161616161602
  },
  "E3_transplant": {
    "est": 0.07591540404040403,
    "ci95": [
      -0.023516414141414088,
      0.17803819444444438
    ],
    "gap_fake": 0.09659090909090912,
    "gap_true": 0.020675505050505083
  },
  "P1_placebo_postcutoff": 0.0514705882352941,
  "REC": {
    "pre": {
      "n": 240,
      "year": 0.05,
      "ym": 0.0,
      "med_off": 102.5
    },
    "post": {
      "n": 17,
      "year": 0.0,
      "ym": 0.0,
      "med_off": 27.0
    }
  },
  "LAP": {
    "pre_mean": 0.9543750000000001,
    "post_mean": 0.14444444444444446,
    "empirical_cutoff": "2026-05",
    "recall_hit_rate": 0.5,
    "recall_n": 230
  },
  "delta_dissociation": {
    "delta": -0.35921474642870826,
    "t": -3.0650558789465867,
    "n": 207
  },
  "VALID": {
    "sketch_rate": 0.9998788759689923,
    "parse_err_cells": 0,
    "cells": 2064
  }
}