{
  "A1 \u7b49\u6743\u591a\u6570\u7968(\u65e0\u95e8\u63a7)": {
    "gap": {
      "R": 0.31565656565656564,
      "M": 0.14898989898989895
    },
    "acc": {
      "R": 0.5211267605633803,
      "M": 0.5915492957746479
    },
    "ci": [
      -0.22535211267605634,
      0.07042253521126761
    ]
  },
  "A2 \u7b49\u6743\u548c\u7b26\u53f7(\u65e0\u95e8\u63a7)": {
    "gap": {
      "R": 0.31565656565656564,
      "M": 0.14898989898989895
    },
    "acc": {
      "R": 0.5211267605633803,
      "M": 0.5915492957746479
    },
    "ci": [
      -0.2112676056338028,
      0.08450704225352113
    ]
  },
  "A3 \u4e8c\u503cIC\u95e8\u63a7+\u7b49\u6743": {
    "gap": {
      "R": 0.36363636363636365,
      "M": 0.0
    },
    "acc": {
      "R": 0.6338028169014085,
      "M": 0.7183098591549296
    },
    "ci": [
      -0.18309859154929578,
      0.014084507042253521
    ]
  },
  "A4 \u751f\u4ea7(\u95e8\u63a7+\u4e58\u6027\u60e9\u7f5a\u52a0\u6743)": {
    "gap": {
      "R": 0.09090909090909091,
      "M": 0.0
    },
    "acc": {
      "R": 0.704225352112676,
      "M": 0.7183098591549296
    },
    "ci": [
      -0.04225352112676056,
      0.0
    ]
  },
  "A5 \u6837\u672c\u5185top-1": {
    "gap": {
      "R": 0.0,
      "M": 0.0
    },
    "acc": {
      "R": 0.7183098591549296,
      "M": 0.704225352112676
    },
    "ci": [
      0.0,
      0.04225352112676056
    ]
  }
}