{
 "prereg": "FM1g_prereg_self_elicited.md 10643458",
 "window_n": 47,
 "E2_win_reference": {
  "est": 0.2555765993265993,
  "ci95": [
   0.14457070707070707,
   0.3676373106060606
  ]
 },
 "E2_gdate": {
  "est": 0.10784932659932656,
  "ci95": [
   -0.008312289562289576,
   0.21222906144781145
  ],
  "gap_variant": 0.16729797979797978,
  "n_dates": 47,
  "missing": []
 },
 "E2_gneut": {
  "est": -0.09038299663299665,
  "ci95": [
   -0.18760784932659932,
   0.0065235690235690424
  ],
  "gap_variant": -0.030934343434343425,
  "n_dates": 47,
  "missing": []
 },
 "inference": {
  "n": 47,
  "parsed": 47,
  "exact_month": 11,
  "within_12m": 37
 },
 "gap_by_inferred_date": {
  "crisis_labeled_n": 3,
  "calm_labeled_n": 29,
  "gap": 0.19827586206896552
 },
 "decision": "PARTIAL"
}