{
  "model": "llama3.2:1b",
  "E2_date_trigger": {
    "est": -0.0955887514711044,
    "ci95": [
      -0.2389369402804926,
      0.0480772036390738
    ],
    "gap_D": -0.01161191749427043,
    "gap_M": 0.08397683397683398
  },
  "E3_transplant": {
    "est": -0.16226959822585343,
    "ci95": [
      -0.3470764140984811,
      -0.011149594010549005
    ],
    "gap_fake": -0.14194065757818766,
    "gap_true": 0.020328940647665772
  },
  "P1_placebo_postcutoff": 0.05518207282913168,
  "REC": {
    "pre": {
      "n": 0,
      "year": null,
      "ym": null,
      "med_off": null
    },
    "post": {
      "n": 1,
      "year": null,
      "ym": null,
      "med_off": null
    }
  },
  "LAP": {
    "pre_mean": 0.5220833333333333,
    "post_mean": 0.45000000000000007,
    "empirical_cutoff": "2026-06",
    "recall_hit_rate": 0.4337899543378995,
    "recall_n": 219
  },
  "delta_dissociation": {
    "delta": null,
    "t": null,
    "n": 21
  },
  "VALID": {
    "sketch_rate": 0.7899038461538461,
    "parse_err_cells": 25,
    "cells": 260
  }
}