{
  "model": "kimi-k2.6",
  "E2_date_trigger": {
    "est": 0.33191287878787884,
    "ci95": [
      0.24558080808080807,
      0.4125631313131313
    ],
    "gap_D": 0.45880681818181823,
    "gap_M": 0.1268939393939394
  },
  "E3_transplant": {
    "est": 0.38462752525252525,
    "ci95": [
      0.26372711489899,
      0.5088383838383838
    ],
    "gap_fake": 0.3178661616161616,
    "gap_true": -0.06676136363636365
  },
  "P1_placebo_postcutoff": -0.06985294117647056,
  "REC": {
    "pre": {
      "n": 2,
      "year": null,
      "ym": null,
      "med_off": null
    },
    "post": {
      "n": 0,
      "year": null,
      "ym": null,
      "med_off": null
    }
  },
  "LAP": {
    "pre_mean": 0.3295833333333333,
    "post_mean": 0.008333333333333333,
    "empirical_cutoff": "2025-02",
    "recall_hit_rate": 0.9770114942528736,
    "recall_n": 174
  },
  "delta_dissociation": {
    "delta": 0.25374732764688346,
    "t": 2.986093798476514,
    "n": 215
  },
  "VALID": {
    "sketch_rate": 1.0,
    "parse_err_cells": 0,
    "cells": 2064
  }
}