{
  "claude-haiku-4-5": {
    "E2_10Y": {
      "est": 0.632260101010101,
      "ci95": [
        0.4586410984848484,
        0.8001893939393938
      ],
      "gap_D": 0.47316919191919193,
      "gap_M": -0.15909090909090912
    },
    "E3_10Y": {
      "est": 0.6291035353535355,
      "ci95": [
        0.24620084776334783,
        0.9814551767676767
      ],
      "gap_fake": 0.39583333333333337,
      "gap_true": -0.23327020202020204
    },
    "post_calendar_D_minus_M_downshare": 0.07352941176470584,
    "cells": {
      "D": 65,
      "M": 65,
      "W": 65
    }
  },
  "gpt-5.4-mini": {
    "E2_10Y": {
      "est": 0.2061237373737374,
      "ci95": [
        0.07290877525252523,
        0.3405934343434343
      ],
      "gap_D": 0.1628787878787879,
      "gap_M": -0.0432449494949495
    },
    "E3_10Y": {
      "est": 0.1382575757575758,
      "ci95": [
        -0.05268082611832618,
        0.2818339646464646
      ],
      "gap_fake": 0.125,
      "gap_true": -0.013257575757575801
    },
    "post_calendar_D_minus_M_downshare": 0.06617647058823534,
    "cells": {
      "D": 65,
      "M": 65,
      "W": 65
    }
  },
  "deepseek-v4-flash": {
    "E2_10Y": {
      "est": 0.4226641414141414,
      "ci95": [
        0.11679292929292934,
        0.7171717171717171
      ],
      "gap_D": 0.5303030303030303,
      "gap_M": 0.1076388888888889
    },
    "E3_10Y": {
      "est": 0.6433080808080809,
      "ci95": [
        0.23597132034632035,
        1.042037563131313
      ],
      "gap_fake": 0.6145833333333334,
      "gap_true": -0.02872474747474746
    },
    "post_calendar_D_minus_M_downshare": -0.01470588235294118,
    "cells": {
      "D": 65,
      "M": 65,
      "W": 65
    }
  }
}