{
  "model": "gemini-2.5-pro",
  "E2_date_trigger": {
    "est": 0.1667718855218855,
    "ci95": [
      0.09869528619528622,
      0.23579808501683502
    ],
    "gap_D": 0.27262205387205385,
    "gap_M": 0.10585016835016836
  },
  "E3_transplant": {
    "est": 0.24210858585858586,
    "ci95": [
      0.13131313131313138,
      0.3557449494949495
    ],
    "gap_fake": 0.19696969696969702,
    "gap_true": -0.04513888888888884
  },
  "P1_placebo_postcutoff": NaN,
  "REC": {
    "pre": {
      "n": 240,
      "year": 0.9625,
      "ym": 0.8083333333333333,
      "med_off": 0.0
    },
    "post": {
      "n": 15,
      "year": 0.3333333333333333,
      "ym": 0.13333333333333333,
      "med_off": 27.0
    }
  },
  "LAP": {
    "pre_mean": 0.9220833333333333,
    "post_mean": 0.0,
    "empirical_cutoff": "2024-05",
    "recall_hit_rate": 0.9786324786324786,
    "recall_n": 234
  },
  "delta_dissociation": {
    "delta": 0.2354717892956446,
    "t": 0.29014433515776833,
    "n": 197
  },
  "VALID": {
    "sketch_rate": 0.9999348958333333,
    "parse_err_cells": 1,
    "cells": 1920
  }
}