{
  "model": "gemini-2.5-flash",
  "E2_date_trigger": {
    "est": 0.2555765993265993,
    "ci95": [
      0.14457070707070707,
      0.3676373106060606
    ],
    "gap_D": 0.31502525252525254,
    "gap_M": 0.05944865319865322
  },
  "E3_transplant": {
    "est": 0.31050084175084175,
    "ci95": [
      0.19602272727272724,
      0.42571811868686865
    ],
    "gap_fake": 0.25347222222222227,
    "gap_true": -0.057028619528619484
  },
  "P1_placebo_postcutoff": -0.02450980392156865,
  "REC": {
    "pre": {
      "n": 240,
      "year": 0.8041666666666667,
      "ym": 0.37083333333333335,
      "med_off": 1.0
    },
    "post": {
      "n": 17,
      "year": 0.058823529411764705,
      "ym": 0.0,
      "med_off": 29.0
    }
  },
  "LAP": {
    "pre_mean": 0.3366666666666667,
    "post_mean": 0.0,
    "empirical_cutoff": "2024-06",
    "recall_hit_rate": 0.943127962085308,
    "recall_n": 211
  },
  "delta_dissociation": {
    "delta": -0.26608987050878535,
    "t": -2.030725057343012,
    "n": 216
  },
  "VALID": {
    "sketch_rate": 1.0,
    "parse_err_cells": 0,
    "cells": 3096
  }
}