{
  "model": "gpt-5.4-mini",
  "E2_date_trigger": {
    "est": 0.14425505050505055,
    "ci95": [
      0.06565261994949494,
      0.22380050505050503
    ],
    "gap_D": 0.11947601010101017,
    "gap_M": -0.024779040404040387
  },
  "E3_transplant": {
    "est": 0.18731327358087924,
    "ci95": [
      0.07879854886897142,
      0.2932185696248196
    ],
    "gap_fake": 0.16666666666666669,
    "gap_true": -0.02064660691421255
  },
  "P1_placebo_postcutoff": 0.0036764705882353366,
  "REC": {
    "pre": {
      "n": 240,
      "year": 0.4875,
      "ym": 0.0875,
      "med_off": 5.0
    },
    "post": {
      "n": 17,
      "year": 0.17647058823529413,
      "ym": 0.0,
      "med_off": 9.0
    }
  },
  "LAP": {
    "pre_mean": 0.9995833333333334,
    "post_mean": 0.4138888888888889,
    "empirical_cutoff": "2025-09",
    "recall_hit_rate": 0.7383966244725738,
    "recall_n": 237
  },
  "delta_dissociation": {
    "delta": null,
    "t": null,
    "n": 198
  },
  "VALID": {
    "sketch_rate": 0.998062015503876,
    "parse_err_cells": 4,
    "cells": 2064
  }
}